# dt (s),ls (dB),QBERI,Pec,maxElev (deg),SKL (b),QBER,phiX,nX,nZ,mX,lambdaEC,sX0,sX1,vZ1,sZ1,mean photon no.,PxA,PxB,P1,P2,P3,mu1,mu2,mu3,eps_c,eps_s,Pap,NoPass,fs (Hz),minElev (deg),shiftElev (deg),SysLoss (dB)
-0.000000000000000000e+00,3.105036428242882256e+231,1.329284754297654385e-311,1.269277295586523943e-277,2.216490916031694598e-313,6.181967897908930997e-309,1.333602908660540718e+241,1.546289748541022802e+218,7.292311185706190436e-309,6.983507657079794013e-251,8.554620336519052160e-314,2.880679372645266156e+214,-0.000000000000000000e+00,1.746041248184243208e-315,-5.434722104253711986e-323,1.727233846557481405e-77,-0.000000000000000000e+00,-2.315841966476394864e+77,1.002708677006222826e-303,8.204306455619759552e-304,9.115696517830284507e-304,8.204306455619756314e-304,9.115696517830284507e-304,8.204306455619756314e-304,-3.718279709873837859e+284,9.115696517620571642e-304,-5.673644576833857023e+279,2.836971944830741263e-135,2.949638706059139044e-289,5.656309834224968248e+303,9.345402851714971177e+250,6.907562357394400139e-246,8.315101499609695632e-316
